{
  "threshold": 0.6,
  "n_train": 12980,
  "n_positive": 8029,
  "n_negative": 4951,
  "in_sample_acc": 0.7465,
  "feature_importances": {
    "nifty_pct_vs_ema200": 0.13086,
    "sector_pct_vs_ema20": 0.08763,
    "atr_pct": 0.08179,
    "macd_hist": 0.06211,
    "vol_ratio": 0.05491,
    "adx": 0.05368,
    "price_vs_ema200": 0.05163,
    "bb_width": 0.05045,
    "earnings_momentum": 0.04357,
    "dist_from_52wk_high": 0.04145,
    "ret_20d": 0.04106,
    "weekly_rsi": 0.03962,
    "macd_hist_slope": 0.03841,
    "ret_5d": 0.03753,
    "bb_zscore": 0.03679,
    "ret_10d": 0.0351,
    "rsi": 0.03256,
    "weekly_trend": 0.02652,
    "ema_ratio": 0.02507,
    "price_vs_ema50": 0.01915,
    "trend_consistency": 0.0098,
    "nifty_above_ema200": 0.00033
  },
  "years_trained": 10,
  "baseline_win_rate": 36.8,
  "gated_win_rate": 56.3,
  "baseline_sharpe": 0.236,
  "gated_sharpe": 1.02,
  "gated_monthly_profit_pct": NaN,
  "gated_monthly_trades": 3.0940383561643836,
  "trained_at": "2026-04-14T04:30:10.913023"
}