{
  "threshold": 0.6,
  "ensemble": "xgb60_lgbm40",
  "n_train": 12980,
  "n_positive": 8028,
  "n_negative": 4952,
  "in_sample_acc": 0.7838,
  "feature_importances": {
    "nifty_pct_vs_ema200": 288.43525,
    "sector_pct_vs_ema20": 182.83016,
    "macd_hist": 153.22713,
    "adx": 132.82443,
    "atr_pct": 132.43908,
    "vol_ratio": 127.22578,
    "price_vs_ema200": 124.82806,
    "weekly_rsi": 122.82809,
    "earnings_momentum": 113.62714,
    "bb_width": 109.62684,
    "bb_zscore": 108.42674,
    "ret_5d": 108.02624,
    "ret_10d": 104.8255,
    "macd_hist_slope": 104.02443,
    "ret_20d": 99.22603,
    "dist_from_52wk_high": 94.8251,
    "rsi": 85.62487,
    "weekly_trend": 81.63115,
    "ema_ratio": 79.62621,
    "price_vs_ema50": 46.82504,
    "trend_consistency": 37.62353,
    "nifty_above_ema200": 1.6232
  },
  "years_trained": 10,
  "baseline_win_rate": 36.8,
  "gated_win_rate": 56.9,
  "baseline_sharpe": 0.243,
  "gated_sharpe": 1.354,
  "gated_monthly_profit_pct": NaN,
  "gated_monthly_trades": 4.603528767123287,
  "trained_at": "2026-04-14T04:42:49.419438"
}