{
  "threshold": 0.6,
  "ensemble": "xgb60_lgbm40",
  "n_train": 12964,
  "n_positive": 3906,
  "n_negative": 9058,
  "in_sample_acc": 0.8157,
  "feature_importances": {
    "nifty_pct_vs_ema200": 242.02991,
    "sector_pct_vs_ema20": 168.82437,
    "earnings_momentum": 150.42316,
    "price_vs_ema200": 135.62524,
    "bb_width": 129.2216,
    "vol_ratio": 126.82066,
    "dist_from_52wk_high": 125.22601,
    "adx": 120.01931,
    "atr_pct": 118.06527,
    "stock_rs_vs_nifty": 114.82219,
    "macd_hist": 113.62263,
    "macd_hist_slope": 108.02257,
    "weekly_rsi": 101.2205,
    "vol_price_trend": 90.02071,
    "ema_ratio": 88.82396,
    "rsi": 87.21996,
    "ret_10d": 84.02088,
    "ret_20d": 78.02252,
    "bb_zscore": 74.81921,
    "ret_5d": 73.6204,
    "trend_consistency": 50.42347,
    "weekly_trend": 49.22623,
    "price_vs_ema50": 48.42619,
    "nifty_above_ema200": 4.83304
  },
  "years_trained": 10,
  "baseline_win_rate": 36.8,
  "gated_win_rate": 62.0,
  "baseline_sharpe": 0.276,
  "gated_sharpe": 1.166,
  "gated_monthly_profit_pct": 0.4611868493150685,
  "gated_monthly_trades": 1.601227397260274,
  "trained_at": "2026-04-14T08:09:55.158123"
}