{
  "threshold": 0.6,
  "ensemble": "xgb60_lgbm40",
  "n_train": 12946,
  "n_positive": 3069,
  "n_negative": 9877,
  "in_sample_acc": 0.8383,
  "feature_importances": {
    "nifty_pct_vs_ema200": 237.23338,
    "sector_pct_vs_ema20": 185.62659,
    "earnings_momentum": 162.42596,
    "atr_pct": 155.27164,
    "macd_hist": 148.82863,
    "price_vs_ema200": 145.2308,
    "adx": 142.02419,
    "vol_ratio": 135.62444,
    "dist_from_52wk_high": 134.8302,
    "macd_hist_slope": 112.42577,
    "weekly_rsi": 106.82428,
    "ret_20d": 102.02482,
    "bb_width": 100.82227,
    "ret_10d": 96.0242,
    "rsi": 94.42302,
    "ret_5d": 90.82216,
    "ema_ratio": 86.423,
    "bb_zscore": 84.82132,
    "trend_consistency": 76.42535,
    "weekly_trend": 63.22613,
    "price_vs_ema50": 46.02361,
    "nifty_above_ema200": 2.81825
  },
  "years_trained": 10,
  "baseline_win_rate": 36.8,
  "gated_win_rate": 60.3,
  "baseline_sharpe": 0.273,
  "gated_sharpe": 0.965,
  "gated_monthly_profit_pct": 0.3100710136986301,
  "gated_monthly_trades": 1.3009972602739726,
  "trained_at": "2026-04-14T08:00:32.446336"
}