{
  "threshold": 0.6,
  "ensemble": "xgb60_lgbm40",
  "n_train": 12980,
  "n_positive": 8028,
  "n_negative": 4952,
  "in_sample_acc": 0.7917,
  "feature_importances": {
    "nifty_pct_vs_ema200": 289.23274,
    "sector_pct_vs_ema20": 164.02907,
    "macd_hist": 143.22426,
    "atr_pct": 137.23612,
    "price_vs_ema200": 116.42684,
    "weekly_rsi": 116.42516,
    "bb_width": 114.02635,
    "adx": 112.42308,
    "vol_ratio": 106.8227,
    "bb_zscore": 105.62168,
    "earnings_momentum": 101.22414,
    "ret_5d": 100.42285,
    "stock_rs_vs_nifty": 98.0246,
    "dist_from_52wk_high": 94.42308,
    "macd_hist_slope": 93.22205,
    "ret_20d": 89.62464,
    "ret_10d": 87.6233,
    "vol_price_trend": 84.42448,
    "rsi": 78.82194,
    "weekly_trend": 70.8258,
    "ema_ratio": 70.82386,
    "price_vs_ema50": 38.42552,
    "trend_consistency": 29.22514,
    "nifty_above_ema200": 1.62059
  },
  "years_trained": 10,
  "baseline_win_rate": 36.9,
  "gated_win_rate": 54.5,
  "baseline_sharpe": 0.292,
  "gated_sharpe": 0.862,
  "gated_monthly_profit_pct": 0.31365709589041096,
  "gated_monthly_trades": 1.5928876712328768,
  "trained_at": "2026-04-14T08:21:59.198388"
}