{
  "threshold": 0.55,
  "n_train": 12972,
  "n_positive": 8027,
  "n_negative": 4945,
  "in_sample_acc": 0.7441,
  "feature_importances": {
    "nifty_pct_vs_ema200": 0.15273,
    "atr_pct": 0.09331,
    "macd_hist": 0.07811,
    "bb_width": 0.06196,
    "adx": 0.06039,
    "vol_ratio": 0.05804,
    "earnings_momentum": 0.05714,
    "price_vs_ema200": 0.05635,
    "dist_from_52wk_high": 0.0514,
    "ret_10d": 0.04396,
    "bb_zscore": 0.04328,
    "ret_5d": 0.0432,
    "ret_20d": 0.04225,
    "macd_hist_slope": 0.04108,
    "rsi": 0.04031,
    "ema_ratio": 0.03431,
    "price_vs_ema50": 0.03034,
    "trend_consistency": 0.01112,
    "nifty_above_ema200": 0.00074
  },
  "years_trained": 10,
  "baseline_win_rate": 40.5,
  "gated_win_rate": 62.6,
  "baseline_sharpe": 1.004,
  "gated_sharpe": 1.879,
  "gated_monthly_profit_pct": 0.6779363287671233,
  "gated_monthly_trades": 3.302531506849315,
  "trained_at": "2026-04-13T14:25:48.111281"
}